{
  "mode": "llm",
  "model_path": "temp_adapter/lora_adapter",
  "seeds": [
    42,
    43
  ],
  "timestamp": 1777166488.6012406,
  "overall_mean_score": 0.1728213655494769,
  "task_summary": {
    "basic_compliance": {
      "mean_score": 0.45845100749706064,
      "max_score": 0.48105820018936085,
      "min_score": 0.4358438148047604,
      "n_episodes": 2
    },
    "aggressive_sustainability": {
      "mean_score": 0.05991308915137006,
      "max_score": 0.06353028720884496,
      "min_score": 0.056295891093895156,
      "n_episodes": 2
    },
    "carbon_neutral_excellence": {
      "mean_score": 0.0001,
      "max_score": 0.0001,
      "min_score": 0.0001,
      "n_episodes": 2
    }
  },
  "episodes": [
    {
      "task_id": "basic_compliance",
      "seed": 42,
      "final_score": 0.4358438148047604,
      "total_reward": -5.667563591596796,
      "steps_taken": 6,
      "final_obs": {
        "carbon_reduction_pct": 14.469143055178515,
        "renewable_pct": 5.25010755222667,
        "diversity_score": 44.34152671727076,
        "waste_recycled_pct": 25.0,
        "budget_remaining": 410000.0,
        "compliance_violations": 3,
        "audit_score": 42.17174294844786
      },
      "reward_history": [
        -0.514190525477722,
        -0.7617026072240884,
        -0.7518806020505826,
        -0.8265786342960493,
        -1.0360026279348198,
        -1.7772085946135348
      ]
    },
    {
      "task_id": "basic_compliance",
      "seed": 43,
      "final_score": 0.48105820018936085,
      "total_reward": -5.73812194870472,
      "steps_taken": 6,
      "final_obs": {
        "carbon_reduction_pct": 17.167747996078518,
        "renewable_pct": 11.962243226370529,
        "diversity_score": 45.121841384535216,
        "waste_recycled_pct": 25.0,
        "budget_remaining": 410000.0,
        "compliance_violations": 3,
        "audit_score": 44.346156747177105
      },
      "reward_history": [
        -0.541953777494427,
        -0.7505550740413804,
        -0.7522470178189975,
        -0.7782262658020072,
        -1.1046917380963963,
        -1.8104480754515118
      ]
    },
    {
      "task_id": "aggressive_sustainability",
      "seed": 42,
      "final_score": 0.056295891093895156,
      "total_reward": -8.272558300527287,
      "steps_taken": 9,
      "final_obs": {
        "carbon_reduction_pct": 23.27856145099563,
        "renewable_pct": 5.25010755222667,
        "diversity_score": 45.521695679536684,
        "waste_recycled_pct": 25.0,
        "budget_remaining": 615000.0,
        "compliance_violations": 3,
        "audit_score": 44.38343288482684
      },
      "reward_history": [
        -0.514190525477722,
        -0.7617026072240884,
        -0.7518806020505826,
        -0.8265786342960493,
        -1.0360026279348198,
        -0.7772085946135345,
        -0.7594390600672907,
        -1.108357443527063,
        -1.737198205336138
      ]
    },
    {
      "task_id": "aggressive_sustainability",
      "seed": 43,
      "final_score": 0.06353028720884496,
      "total_reward": -8.42572715271264,
      "steps_taken": 9,
      "final_obs": {
        "carbon_reduction_pct": 22.534219951161525,
        "renewable_pct": 11.962243226370529,
        "diversity_score": 46.3089293008658,
        "waste_recycled_pct": 25.0,
        "budget_remaining": 615000.0,
        "compliance_violations": 3,
        "audit_score": 46.44873349531731
      },
      "reward_history": [
        -0.541953777494427,
        -0.7505550740413804,
        -0.7522470178189975,
        -0.7782262658020072,
        -1.1046917380963963,
        -0.8104480754515118,
        -0.8006922130089618,
        -1.1103998545088365,
        -1.7765131364901212
      ]
    },
    {
      "task_id": "carbon_neutral_excellence",
      "seed": 42,
      "final_score": 0.0001,
      "total_reward": -10.933650160769789,
      "steps_taken": 12,
      "final_obs": {
        "carbon_reduction_pct": 29.079066166235602,
        "renewable_pct": 5.25010755222667,
        "diversity_score": 46.698702678233126,
        "waste_recycled_pct": 25.0,
        "budget_remaining": 820000.0,
        "compliance_violations": 3,
        "audit_score": 45.6713984185954
      },
      "reward_history": [
        -0.514190525477722,
        -0.7617026072240884,
        -0.7518806020505826,
        -0.8265786342960493,
        -1.0360026279348198,
        -0.7772085946135345,
        -0.7594390600672907,
        -1.108357443527063,
        -0.7371982053361378,
        -0.7332453024490183,
        -1.1041926266177249,
        -1.8236539311757594
      ]
    },
    {
      "task_id": "carbon_neutral_excellence",
      "seed": 43,
      "final_score": 0.0001,
      "total_reward": -11.07603376479646,
      "steps_taken": 12,
      "final_obs": {
        "carbon_reduction_pct": 29.883218985172853,
        "renewable_pct": 11.962243226370529,
        "diversity_score": 47.787140393508295,
        "waste_recycled_pct": 25.0,
        "budget_remaining": 820000.0,
        "compliance_violations": 3,
        "audit_score": 48.13286584371194
      },
      "reward_history": [
        -0.541953777494427,
        -0.7505550740413804,
        -0.7522470178189975,
        -0.7782262658020072,
        -1.1046917380963963,
        -0.8104480754515118,
        -0.8006922130089618,
        -1.1103998545088365,
        -0.7765131364901212,
        -0.7871797908635785,
        -1.0700027145154654,
        -1.7931241067047776
      ]
    }
  ]
}